INSERT INTO PERSONA VALUES ('RGGFPP99T30F257C','Filippo','Reggiani','1999-12-30');
INSERT INTO PERSONA VALUES ('RGGJNF99T70F257R','Jennifer','Reggiani','1999-12-30');
INSERT INTO PERSONA VALUES ('MRARSS97E24F257H','Mario','Rossi','1997-05-24');
INSERT INTO PERSONA VALUES ('DBRFCS87P63A944Q','Debora','Fracassini','1987-09-23');
INSERT INTO PERSONA VALUES ('TLMFNC85M30B819C','Francesco','Tolomei','1985-08-30');
INSERT INTO PERSONA VALUES ('TRSMRC90B12F257U','Marco','tresi','1990-02-12');
INSERT INTO PERSONA VALUES ('FRNLRA77P63B539R','Lara','Francesi','1977-09-23');
INSERT INTO PERSONA VALUES ('BTTFNC89A01I110V','Franco','Battiato','1989-01-01');
INSERT INTO PERSONA VALUES ('MCHFNC99T49A959Y','Francesca','Micheli','1999-12-09');
INSERT INTO PERSONA VALUES ('CNLSFO96E50A713E','Sofia','Canali','1996-05-10');
INSERT INTO PERSONA VALUES ('PRTGPP87S09I802T','Giuseppe','Prato','1987-11-09');
INSERT INTO PERSONA VALUES ('MRCGRG01L08F205E','Giorgio','Marconi','2001-07-08');
INSERT INTO PERSONA VALUES ('TDDRST94B07L331F','Ernesto','Taddei','1994-02-07');
INSERT INTO PERSONA VALUES ('GNSMTT85B09I754N','Matteo','Ganassi','1985-02-09');
INSERT INTO PERSONA VALUES ('SNSFRC02H49F257Z','Federica','Senesi','2002-06-09');

INSERT INTO TELEFONO_PERSONA VALUES ('RGGFPP99T30F257C','3396788250');
INSERT INTO TELEFONO_PERSONA VALUES ('RGGJNF99T70F257R','3420789356');
INSERT INTO TELEFONO_PERSONA VALUES ('MRARSS97E24F257H','3391267930');
INSERT INTO TELEFONO_PERSONA VALUES ('DBRFCS87P63A944Q','3668901447');
INSERT INTO TELEFONO_PERSONA VALUES ('TLMFNC85M30B819C','3657890678');
INSERT INTO TELEFONO_PERSONA VALUES ('TRSMRC90B12F257U','3380997678');
INSERT INTO TELEFONO_PERSONA VALUES ('FRNLRA77P63B539R','3668997117');
INSERT INTO TELEFONO_PERSONA VALUES ('BTTFNC89A01I110V','5490087362');
INSERT INTO TELEFONO_PERSONA VALUES ('MCHFNC99T49A959Y','3390768876');
INSERT INTO TELEFONO_PERSONA VALUES ('CNLSFO96E50A713E','3422577690');
INSERT INTO TELEFONO_PERSONA VALUES ('PRTGPP87S09I802T','3457899655');
INSERT INTO TELEFONO_PERSONA VALUES ('MRCGRG01L08F205E','3468897016');
INSERT INTO TELEFONO_PERSONA VALUES ('TDDRST94B07L331F','3421898768');
INSERT INTO TELEFONO_PERSONA VALUES ('GNSMTT85B09I754N','3669067884');
INSERT INTO TELEFONO_PERSONA VALUES ('SNSFRC02H49F257Z','3398754234');
INSERT INTO TELEFONO_PERSONA VALUES ('RGGFPP99T30F257C','0596789190');

INSERT INTO TRAINER VALUES('DBRFCS87P63A944Q');
INSERT INTO TRAINER VALUES('TLMFNC85M30B819C');
INSERT INTO TRAINER VALUES('GNSMTT85B09I754N');
INSERT INTO TRAINER VALUES('PRTGPP87S09I802T');
INSERT INTO TRAINER VALUES('CNLSFO96E50A713E');

INSERT INTO QUALIFICA VALUES('DBRFCS87P63A944Q','101','Sala Pesi');
INSERT INTO QUALIFICA VALUES('TLMFNC85M30B819C','101','Sala Pesi');
INSERT INTO QUALIFICA VALUES('GNSMTT85B09I754N','102','Yoga');
INSERT INTO QUALIFICA VALUES('PRTGPP87S09I802T','103','Boxe');
INSERT INTO QUALIFICA VALUES('CNLSFO96E50A713E','101','Sala Pesi');


INSERT INTO ABBONATO VALUES ('RGGFPP99T30F257C','0','via marconi 17','filipporeggiani@live.it');
INSERT INTO ABBONATO VALUES ('RGGJNF99T70F257R','10','via marco polo 12','jenniferreggiani@virgilio.it');
INSERT INTO ABBONATO VALUES ('MRARSS97E24F257H','0','via aadige 11','mariorossi1@gmail.com');
INSERT INTO ABBONATO VALUES ('TRSMRC90B12F257U','0','via caravaggio 100','tresi.marco@me.com');
INSERT INTO ABBONATO VALUES ('FRNLRA77P63B539R','0','via firenzuola 1','francesilaraa@hotmail.com');
INSERT INTO ABBONATO VALUES ('BTTFNC89A01I110V','10','via alighieri 89','BattiatoFranco9@gmail.com');
INSERT INTO ABBONATO VALUES ('MCHFNC99T49A959Y','10','via michelangelo 190','michelifrenci09@live.it');
INSERT INTO ABBONATO VALUES ('MRCGRG01L08F205E','0','via grandi 99','marconigiorgio01@yahoo.com');
INSERT INTO ABBONATO VALUES ('TDDRST94B07L331F','10','via remo 12','ernestotaddei@gmail.com');
INSERT INTO ABBONATO VALUES ('SNSFRC02H49F257Z','0','via da vinci 10','fedesernesi@hotmail.com');

INSERT INTO VISITA_MEDICA VALUES('145079','Poretti','7/6/21','RGGFPP99T30F257C');
INSERT INTO VISITA_MEDICA VALUES('132897','Lenzotti','2/2/22','RGGJNF99T70F257R');
INSERT INTO VISITA_MEDICA VALUES('239076','Danieli','2/4/21','MRARSS97E24F257H');
INSERT INTO VISITA_MEDICA VALUES('124560','Poretti','8/2/22','TRSMRC90B12F257U');
INSERT INTO VISITA_MEDICA VALUES('102321','Prato','7/2/21','FRNLRA77P63B539R');
INSERT INTO VISITA_MEDICA VALUES('456710','Prato','5/8/22','BTTFNC89A01I110V');
INSERT INTO VISITA_MEDICA VALUES('278910','Castellino','7/9/22','MCHFNC99T49A959Y');
INSERT INTO VISITA_MEDICA VALUES('290132','Prato','9/2/22','MRCGRG01L08F205E');
INSERT INTO VISITA_MEDICA VALUES('890723','Castellino','5/2/22','TDDRST94B07L331F');
INSERT INTO VISITA_MEDICA VALUES('146723','Danieli','8/8/22','SNSFRC02H49F257Z');

INSERT INTO ARMADIETTO VALUES ('1','Primo Piano','RGGFPP99T30F257C');
INSERT INTO ARMADIETTO VALUES ('2','Primo Piano','RGGJNF99T70F257R');
INSERT INTO ARMADIETTO VALUES ('3','Primo Piano','MRARSS97E24F257H');
INSERT INTO ARMADIETTO VALUES ('4','Primo Piano','TRSMRC90B12F257U');
INSERT INTO ARMADIETTO VALUES ('1','Secondo Piano','FRNLRA77P63B539R');
INSERT INTO ARMADIETTO VALUES ('2','Secondo Piano','BTTFNC89A01I110V');
INSERT INTO ARMADIETTO VALUES ('5','Primo Piano','MCHFNC99T49A959Y');
INSERT INTO ARMADIETTO VALUES ('3','Secondo Piano','MRCGRG01L08F205E');
INSERT INTO ARMADIETTO VALUES ('4','Secondo Piano','TDDRST94B07L331F');
INSERT INTO ARMADIETTO VALUES ('5','Secondo Piano','SNSFRC02H49F257Z');

INSERT INTO TESSERA VALUES('3001','RGGFPP99T30F257C');
INSERT INTO TESSERA VALUES('3002','RGGJNF99T70F257R');
INSERT INTO TESSERA VALUES('3003','MRARSS97E24F257H');
INSERT INTO TESSERA VALUES('3004','TRSMRC90B12F257U');
INSERT INTO TESSERA VALUES('3005','FRNLRA77P63B539R');
INSERT INTO TESSERA VALUES('3006','BTTFNC89A01I110V');
INSERT INTO TESSERA VALUES('3007','MCHFNC99T49A959Y');
INSERT INTO TESSERA VALUES('3008','MRCGRG01L08F205E');
INSERT INTO TESSERA VALUES('3009','TDDRST94B07L331F');
INSERT INTO TESSERA VALUES('3010','SNSFRC02H49F257Z');


INSERT INTO PREZZO_ABBONAMENTO VALUES('Annuale','480');
INSERT INTO PREZZO_ABBONAMENTO VALUES('Trimestrale','180');
INSERT INTO PREZZO_ABBONAMENTO VALUES('Mensile','80');

INSERT INTO ABBONAMENTO VALUES('1001','2020-02-13','2020-03-13','RGGFPP99T30F257C','Mensile');
INSERT INTO ABBONAMENTO VALUES('1002','2020-04-10','2021-04-10','RGGJNF99T70F257R','Annuale');
INSERT INTO ABBONAMENTO VALUES('1003','2020-05-12','2020-06-12','MRARSS97E24F257H','Mensile');
INSERT INTO ABBONAMENTO VALUES('1004','2020-02-01','2021-02-01','TRSMRC90B12F257U','Annuale');
INSERT INTO ABBONAMENTO VALUES('1005','2020-07-04','2020-10-04','FRNLRA77P63B539R','Trimestrale');
INSERT INTO ABBONAMENTO VALUES('1006','2020-08-06','2021-08-06','BTTFNC89A01I110V','Annuale');
INSERT INTO ABBONAMENTO VALUES('1007','2020-09-07','2021-09-07','MCHFNC99T49A959Y','Annuale');
INSERT INTO ABBONAMENTO VALUES('1008','2020-02-04','2020-05-04','MRCGRG01L08F205E','Trimestrale');
INSERT INTO ABBONAMENTO VALUES('1009','2020-11-03','2020-12-03','TDDRST94B07L331F','Mensile');
INSERT INTO ABBONAMENTO VALUES('1010','2020-04-02','2020-07-02','SNSFRC02H49F257Z','Trimestrale');

INSERT INTO CHIUSURA_SETTIMANALE VALUES('Lunedì','DBRFCS87P63A944Q');
INSERT INTO CHIUSURA_SETTIMANALE VALUES('Martedì','TLMFNC85M30B819C');
INSERT INTO CHIUSURA_SETTIMANALE VALUES('Mercoledì','DBRFCS87P63A944Q');
INSERT INTO CHIUSURA_SETTIMANALE VALUES('Giovedì','GNSMTT85B09I754N');
INSERT INTO CHIUSURA_SETTIMANALE VALUES('Venerdì','PRTGPP87S09I802T');
INSERT INTO CHIUSURA_SETTIMANALE VALUES('Sabato','CNLSFO96E50A713E');
INSERT INTO CHIUSURA_SETTIMANALE VALUES('Domenica','CNLSFO96E50A713E');
INSERT INTO CHIUSURA_SETTIMANALE VALUES('Mercoledì','TLMFNC85M30B819C');

INSERT INTO SCHEDA_ALLENAMENTO VALUES('RGGFPP99T30F257C','1001','DBRFCS87P63A944Q','2020-03-01','2020-06-01');
INSERT INTO SCHEDA_ALLENAMENTO VALUES('RGGJNF99T70F257R','1002','DBRFCS87P63A944Q','2020-01-07','2020-04-15');
INSERT INTO SCHEDA_ALLENAMENTO VALUES('MRARSS97E24F257H','1003','TLMFNC85M30B819C','2020-04-01','2020-07-03');
INSERT INTO SCHEDA_ALLENAMENTO VALUES('TRSMRC90B12F257U','1004','DBRFCS87P63A944Q','2020-06-07','2020-09-15');
INSERT INTO SCHEDA_ALLENAMENTO VALUES('FRNLRA77P63B539R','1005','CNLSFO96E50A713E','2020-09-01','2020-12-08');
INSERT INTO SCHEDA_ALLENAMENTO VALUES('BTTFNC89A01I110V','1006','DBRFCS87P63A944Q','2020-05-10','2020-08-19');
INSERT INTO SCHEDA_ALLENAMENTO VALUES('MCHFNC99T49A959Y','1007','CNLSFO96E50A713E','2020-04-20','2020-07-26');
INSERT INTO SCHEDA_ALLENAMENTO VALUES('MRCGRG01L08F205E','1008','TLMFNC85M30B819C','2020-08-01','2020-11-09');
INSERT INTO SCHEDA_ALLENAMENTO VALUES('TDDRST94B07L331F','1009','CNLSFO96E50A713E','2020-01-17','2020-04-17');
INSERT INTO SCHEDA_ALLENAMENTO VALUES('SNSFRC02H49F257Z','1010','DBRFCS87P63A944Q','2020-08-10','2020-11-08');

INSERT INTO ESERCIZIO VALUES('Leg Curl','Gambe');
INSERT INTO ESERCIZIO VALUES('Leg Press','Gambe');
INSERT INTO ESERCIZIO VALUES('Leg Extension','Gambe');
INSERT INTO ESERCIZIO VALUES('Curl Manubri in Piedi','Bicipiti');
INSERT INTO ESERCIZIO VALUES('Curl Manubri Seduto','Bicipiti');
INSERT INTO ESERCIZIO VALUES('Curl Bilanciere','Bicipiti');
INSERT INTO ESERCIZIO VALUES('Rematore Manubrio','Dorso');
INSERT INTO ESERCIZIO VALUES('Dead Lift','Dorso');
INSERT INTO ESERCIZIO VALUES('Rematore Bilanciere','Dorso');
INSERT INTO ESERCIZIO VALUES('Lat Machine','Dorso');
INSERT INTO ESERCIZIO VALUES('Distensione Manubri Panca Piana','Petto');
INSERT INTO ESERCIZIO VALUES('Croci Panca Piana','Petto');
INSERT INTO ESERCIZIO VALUES('Piegamenti sulle Braccia','Petto');
INSERT INTO ESERCIZIO VALUES('French Press','Tricipiti');
INSERT INTO ESERCIZIO VALUES('Push Down Corde','Tricipiti');
INSERT INTO ESERCIZIO VALUES('Dips su Panca','Tricipiti');
INSERT INTO ESERCIZIO VALUES('Alzate Laterali','Spalle');
INSERT INTO ESERCIZIO VALUES('Harnold Press','Spalle');
INSERT INTO ESERCIZIO VALUES('Alzate Laterali Seduto','Spalle');
INSERT INTO ESERCIZIO VALUES('Crunch Base','Addome');
INSERT INTO ESERCIZIO VALUES('Crunch Gambe a Tavolino','Addome');
INSERT INTO ESERCIZIO VALUES('Crunch Obliquo','Addome');
INSERT INTO ESERCIZIO VALUES('Crunch Gomito Ginocchio','Addome');
INSERT INTO ESERCIZIO VALUES('Criss Cross','Addome');

/* Inserimento scheda di allenamento di un abbonato con 2 allenamenti*/
INSERT INTO COMPOSIZIONE_SCHEDA VALUES('1001','Rematore Manubrio','1','12','3','60','10');
INSERT INTO COMPOSIZIONE_SCHEDA VALUES('1001','Dead Lift','1','10','4','60','15');
INSERT INTO COMPOSIZIONE_SCHEDA VALUES('1001','Rematore Bilanciere','1','12','3','60','15');
INSERT INTO COMPOSIZIONE_SCHEDA VALUES('1001','Curl Manubri in Piedi','1','10','3','60','10');
INSERT INTO COMPOSIZIONE_SCHEDA VALUES('1001','Curl Bilanciere','1','8','4','60','8');
INSERT INTO COMPOSIZIONE_SCHEDA VALUES('1001','Crunch Base','1','10','3','60','0');
INSERT INTO COMPOSIZIONE_SCHEDA VALUES('1001','Crunch Obliquo','1','10','4','60','0');
INSERT INTO COMPOSIZIONE_SCHEDA VALUES('1001','Distensione Manubri Panca Piana','2','12','3','60','10');
INSERT INTO COMPOSIZIONE_SCHEDA VALUES('1001','Croci Panca Piana','2','10','4','60','15');
INSERT INTO COMPOSIZIONE_SCHEDA VALUES('1001','Piegamenti sulle Braccia','2','12','3','60','15');
INSERT INTO COMPOSIZIONE_SCHEDA VALUES('1001','French Press','2','10','3','60','10');
INSERT INTO COMPOSIZIONE_SCHEDA VALUES('1001','Dips su Panca','2','8','4','60','8');
INSERT INTO COMPOSIZIONE_SCHEDA VALUES('1001','Crunch Gomito Ginocchio','2','10','3','60','0');
INSERT INTO COMPOSIZIONE_SCHEDA VALUES('1001','Criss Cross','2','10','4','60','0');
/* Inserimento scheda allenamento di un abbonato con un allenamento*/
INSERT INTO COMPOSIZIONE_SCHEDA VALUES('1002','Leg Press','1','12','3','60','100');
INSERT INTO COMPOSIZIONE_SCHEDA VALUES('1002','Leg Curl','1','10','4','60','55');
INSERT INTO COMPOSIZIONE_SCHEDA VALUES('1002','Leg Extension','1','12','3','60','45');
INSERT INTO COMPOSIZIONE_SCHEDA VALUES('1002','Alzate Laterali','1','10','3','60','8');
INSERT INTO COMPOSIZIONE_SCHEDA VALUES('1002','Harnold Press','1','8','4','60','6');
INSERT INTO COMPOSIZIONE_SCHEDA VALUES('1002','Crunch Gambe a Tavolino','1','10','3','60','0');
INSERT INTO COMPOSIZIONE_SCHEDA VALUES('1002','Crunch Obliquo','1','10','4','60','0');


INSERT INTO CORSO VALUES('5000','GNSMTT85B09I754N','Relax attraverso lo yoga','yoga');
INSERT INTO CORSO VALUES('5001','PRTGPP87S09I802T','Incontri di allenamento tra i partecipanti','boxe');

INSERT INTO ISCRIZIONE_CORSO VALUES('RGGFPP99T30F257C','5000');
INSERT INTO ISCRIZIONE_CORSO VALUES('MRARSS97E24F257H','5001');
INSERT INTO ISCRIZIONE_CORSO VALUES('FRNLRA77P63B539R','5001');
INSERT INTO ISCRIZIONE_CORSO VALUES('MCHFNC99T49A959Y','5001');

INSERT INTO SALA VALUES('55');
INSERT INTO SALA VALUES('44');
INSERT INTO SALA VALUES('30');
INSERT INTO SALA VALUES('25');
INSERT INTO SALA VALUES('10');

INSERT INTO ORARIO VALUES('55','Martedì','15:00','5000');
INSERT INTO ORARIO VALUES('44','Mercoledì','14:00','5001');
INSERT INTO ORARIO VALUES('25','Giovedì','19:00','5000');
INSERT INTO ORARIO VALUES('10','Lunedì','10:00','5001');
INSERT INTO ORARIO VALUES('25','Giovedì','17:00','5000');
INSERT INTO ORARIO VALUES('10','Lunedì','8:00','5001');

